{
	"info": {
		"_postman_id": "9dd25973-d359-4ed9-8a76-ae53e785e158",
		"name": "Stripe_API",
		"schema": "https://schema.getpostman.com/json/collection/v2.1.0/collection.json"
	},
	"item": [
		{
			"name": "Create_A_Customer",
			"event": [
				{
					"listen": "prerequest",
					"script": {
						"id": "21c7cc67-2340-4f53-9d32-ad08c9d50955",
						"exec": [
							"pm.environment.set(\"baseURL\", \"https://api.stripe.com/v1\");",
							"pm.environment.set(\"endPoint\",\"customers\");",
							"",
							"",
							"console.log(\"Base URL Value-->\"+pm.environment.get(\"baseURL\"));",
							"",
							"pm.globals.set(\"globalVariable\",\"abc\");",
							"",
							"pm.variables.set(\"variable\",\"123445\");",
							"",
							""
						],
						"type": "text/javascript"
					}
				},
				{
					"listen": "test",
					"script": {
						"id": "fa561b3b-b2b2-4655-92f9-b2e63bf28f50",
						"exec": [
							"\r",
							"\r",
							"var jsonResponse=pm.response.json();\r",
							"\r",
							"//console.log(\"Customer Id in Response is-->\"+jsonResponse.id);\r",
							"\r",
							"pm.environment.set(\"customerId\",jsonResponse.id)"
						],
						"type": "text/javascript"
					}
				}
			],
			"request": {
				"method": "POST",
				"header": [],
				"body": {
					"mode": "raw",
					"raw": ""
				},
				"url": {
					"raw": "{{baseURL}}/{{endPoint}}?email=w2aTest@gmail.com&description=This is testing the create cusmtomer stripe api&account_balance=10000",
					"host": [
						"{{baseURL}}"
					],
					"path": [
						"{{endPoint}}"
					],
					"query": [
						{
							"key": "email",
							"value": "w2aTest@gmail.com"
						},
						{
							"key": "description",
							"value": "This is testing the create cusmtomer stripe api"
						},
						{
							"key": "account_balance",
							"value": "10000"
						}
					]
				}
			},
			"response": []
		},
		{
			"name": "Retrive_A_Customer",
			"request": {
				"method": "GET",
				"header": [],
				"body": {
					"mode": "raw",
					"raw": ""
				},
				"url": {
					"raw": "https://api.stripe.com/v1/customers/{{customerId}}",
					"protocol": "https",
					"host": [
						"api",
						"stripe",
						"com"
					],
					"path": [
						"v1",
						"customers",
						"{{customerId}}"
					]
				}
			},
			"response": []
		},
		{
			"name": "Update_A_Cutomer",
			"request": {
				"method": "GET",
				"header": [],
				"body": {
					"mode": "raw",
					"raw": ""
				},
				"url": {
					"raw": ""
				}
			},
			"response": []
		},
		{
			"name": "Delete_A_Customer",
			"request": {
				"method": "DELETE",
				"header": [],
				"body": {
					"mode": "raw",
					"raw": ""
				},
				"url": {
					"raw": "https://api.stripe.com/v1/customers/{{customerId}}",
					"protocol": "https",
					"host": [
						"api",
						"stripe",
						"com"
					],
					"path": [
						"v1",
						"customers",
						"{{customerId}}"
					]
				}
			},
			"response": []
		},
		{
			"name": "Create_Customere_WithOut_Authentication",
			"event": [
				{
					"listen": "test",
					"script": {
						"id": "55d7a3d0-4faf-44b1-8ee5-3fe214120369",
						"exec": [
							"// Verify-> The status code is 401",
							"",
							"pm.test(\"Verify Status code is 401\",function()",
							"{",
							"    pm.response.to.have.status(401);",
							"    ",
							"});",
							"",
							"",
							"//Verify status code is not 201",
							"pm.test(\"verify status code is not 201\",function(){",
							"    ",
							"    pm.response.to.not.have.status(201);",
							"    ",
							"});",
							"",
							"// verify we are not getting \"id\" field in the response",
							"",
							"",
							"pm.test(\"Response Body does not have id\",function()",
							"{",
							"   pm.expect(pm.response.text()).to.not.include(\"id\");",
							"    ",
							"});",
							"",
							"// verify we are not getting \"email\" in the response",
							"",
							"pm.test(\"Response Body does  have error field\",function()",
							"{",
							"    pm.expect(pm.response.text()).to.include(\"error\");",
							"    ",
							"});",
							""
						],
						"type": "text/javascript"
					}
				}
			],
			"request": {
				"auth": {
					"type": "noauth"
				},
				"method": "POST",
				"header": [],
				"body": {
					"mode": "raw",
					"raw": ""
				},
				"url": {
					"raw": "https://api.stripe.com/v1/customers?email=RamanArora@gmail.com",
					"protocol": "https",
					"host": [
						"api",
						"stripe",
						"com"
					],
					"path": [
						"v1",
						"customers"
					],
					"query": [
						{
							"key": "email",
							"value": "RamanArora@gmail.com"
						}
					]
				}
			},
			"response": []
		},
		{
			"name": "Create_Customer_With_Valid_Auth",
			"request": {
				"method": "GET",
				"header": [],
				"body": {
					"mode": "raw",
					"raw": ""
				},
				"url": {
					"raw": ""
				}
			},
			"response": []
		},
		{
			"name": "Verify_email_Is_Populated_In_Create_Customer_Id",
			"request": {
				"method": "GET",
				"header": [],
				"body": {
					"mode": "raw",
					"raw": ""
				},
				"url": {
					"raw": ""
				}
			},
			"response": []
		},
		{
			"name": "Created_Customer_With_Invalid_Email",
			"event": [
				{
					"listen": "test",
					"script": {
						"id": "f49eddd9-aafd-4e94-889b-3e7f0029d023",
						"exec": [
							"//Verify The status code is 400",
							"",
							"",
							"pm.test(\"Verify Status code is 400\",function()",
							"{",
							"    pm.response.to.have.status(400);",
							"    ",
							"});",
							"",
							"",
							"//Verify status code is not 201",
							"pm.test(\"verify status code is not 201\",function(){",
							"    ",
							"    pm.response.to.not.have.status(201);",
							"    ",
							"});",
							"",
							"",
							"",
							"",
							"//Verify we have error field in the response",
							"",
							"pm.test(\"Response Body does  have error field\",function()",
							"{",
							"    pm.expect(pm.response.text()).to.include(\"error\");",
							"    ",
							"});",
							""
						],
						"type": "text/javascript"
					}
				}
			],
			"request": {
				"auth": {
					"type": "basic",
					"basic": [
						{
							"key": "username",
							"value": "sk_test_kzxPb2wjsBPiIh7QxZKqJU3a",
							"type": "string"
						}
					]
				},
				"method": "POST",
				"header": [],
				"body": {
					"mode": "raw",
					"raw": ""
				},
				"url": {
					"raw": "https://api.stripe.com/v1/customers?email=12345",
					"protocol": "https",
					"host": [
						"api",
						"stripe",
						"com"
					],
					"path": [
						"v1",
						"customers"
					],
					"query": [
						{
							"key": "email",
							"value": "12345"
						}
					]
				}
			},
			"response": []
		},
		{
			"name": "Update_A_Customer",
			"event": [
				{
					"listen": "test",
					"script": {
						"id": "b129e9f0-532d-4e48-a2ea-0255bfac0095",
						"exec": [
							"//Verify actual email id is equal to expected or not",
							"// expected email id =Test1122@yahoo.com",
							"",
							"",
							"pm.test(\"Verify Email id after update\",function()",
							"{",
							"    var responseJson= pm.response.json();",
							"    pm.expect(responseJson.email).to.eql(\"Test1122@yahoo.com\");",
							"    ",
							"   ",
							"    ",
							"});"
						],
						"type": "text/javascript"
					}
				}
			],
			"request": {
				"method": "POST",
				"header": [],
				"body": {
					"mode": "raw",
					"raw": ""
				},
				"url": {
					"raw": "https://api.stripe.com/v1/customers/cus_ENJxEUKBSh8E9m?email=Test111@yahoo.com",
					"protocol": "https",
					"host": [
						"api",
						"stripe",
						"com"
					],
					"path": [
						"v1",
						"customers",
						"cus_ENJxEUKBSh8E9m"
					],
					"query": [
						{
							"key": "email",
							"value": "Test111@yahoo.com"
						}
					]
				}
			},
			"response": []
		}
	],
	"auth": {
		"type": "basic",
		"basic": [
			{
				"key": "username",
				"value": "sk_test_kzxPb2wjsBPiIh7QxZKqJU3a",
				"type": "string"
			}
		]
	},
	"event": [
		{
			"listen": "prerequest",
			"script": {
				"id": "44bec2d4-844a-4bbc-8b60-61873e86dd6f",
				"type": "text/javascript",
				"exec": [
					""
				]
			}
		},
		{
			"listen": "test",
			"script": {
				"id": "028d1ce3-543d-49c7-a71f-b783eebc728b",
				"type": "text/javascript",
				"exec": [
					""
				]
			}
		}
	]
}